<?xml version="1.0" encoding="UTF-8"?>
<root type="array">
  <swallow-record>
    <schema>Swallow JSON</schema>
    <schema-version>3</schema-version>
    <swallow-id>11552</swallow-id>
    <cataloguer>
      <name>Tomasz</name>
      <lastname>Neugebauer</lastname>
      <email>Tomasz.Neugebauer@concordia.ca</email>
    </cataloguer>
    <partner-institution>Concordia University</partner-institution>
    <collection>
      <contributing-unit>Quality Assurance Unit</contributing-unit>
      <source-collection>Quality Assurance Collection</source-collection>
      <source-collection-description>A test collection with maximum record complexity.</source-collection-description>
      <source-collection-id>SGWU_77657/Concordia</source-collection-id>
    </collection>
    <Dates type="array">
      <Date>
        <id>5dd2ee93739530.28291794</id>
        <date>1966 10 08</date>
        <type>Performance Date</type>
        <notes>The date of the performance was originally found in the Howard Fink inventory list, and then corroborated with reference to student newspaper articles.</notes>
        <source>Previous researcher</source>
      </Date>
    </Dates>
    <Notes type="array">
      <Note>
        <id>606210209d4635.08935522</id>
        <note>Year-Specific Information:

 From 1965-67, John Wieners was at State University of New York (SUNY) at Buffalo, either working as a graduate student or as the chair of poetics. At that time, Charles Olson left SUNY in 1966, to be replaced by Robert Creeley. Wieners’ The Journal of John Wieners Is To Be Called 707 Scott Street for Billie Holiday, 1959, was published in 1966.</note>
        <type>General</type>
      </Note>
      <Note>
        <id>6062102db4b960.85693564</id>
        <note>Local Connections:

No direct connections between John Wieners and Sir George Williams University are known, however Wieners was an important poet, connected with poets from both the Black Mountain school and Beat movements. 
</note>
        <type>General</type>
      </Note>
      <Note>
        <id>6062107eb423f4.48762908</id>
        <note>Original transcript, research, introduction and edits by Celyn Harding-Jones

Additional research and edits by Ali Barillaro.</note>
        <type>Cataloguer</type>
      </Note>
      <Note>
        <id>606210cdbd4026.33478211</id>
        <note>Reel-to-reel tape&gt;CD&gt;digital file (mp3)</note>
        <type>Preservation</type>
      </Note>
    </Notes>
    <Rights>
      <notes>May use for research and teaching purposes. Non commercial use, with full citation.</notes>
      <rights>No Copyright non commercial reuse only (NoCNC)</rights>
      <rights-uri>http://rightsstatements.org/page/NoC-NC/1.0/?language=en</rights-uri>
      <license>Creative Commons Attribution, Non-Commercial, No Derivatives (BY-NC-ND)</license>
      <license-uri>http://creativecommons.org/licenses/by-nc-nd/4.0/</license-uri>
    </Rights>
    <Content>
      <notes>John Wieners reads from Ace of Pentacles (Carr &amp; Wilson, 1964) as well as works published in 1985 in Selected Poems, 1958-1984 (Black Sparrow Press).</notes>
      <contents>john_wieners_i006-11-119.mp3

John Wieners
00:00:00
Reads “Invocation to Summer” [recording begins abruptly].
 
John Wieners
00:01:09
"Invitation Au Voyage: II". Do you know that poem of Baudelaire's [https://www.wikidata.org/wiki/Q501]? It's something at the end of the world. He’s speaking to his beloved, very simple. You know, lots of the German Romanticism was very simple.
 
John Wieners
00:01:30
Reads "Invitation Au Voyage: II".
 
John Wieners
00:03:15
Well let's go back to the old poems then, that have been published. Stuart Montgomery, well it doesn't matter. But that--I can send it off to England [https://www.wikidata.org/wiki/Q21] to the Fulcrum Press [https://www.wikidata.org/wiki/Q5507820] doing a lot of Basil Bunting [https://www.wikidata.org/wiki/Q2886803] and the English poet of 65, resuscitated in America [https://www.wikidata.org/wiki/Q30] again, it's about time.
 
John Wieners
00:03:44
Reads "Long Nook" [from Ace of Pentacles].
 
John Wieners
00:04:38
I'll just make random choices. "At Big Sur".
 
John Wieners
00:04:53
Reads "At Big Sur” [from Ace of Pentacles].
 
John Wieners
00:05:12
"Louise".
 
John Wieners
00:05:21
Reads "Louise" [from Ace of Pentacles].
 
John Wieners
00:05:48
"The Pool of Light".
 
John Wieners
00:05:53
Reads "The Pool of Light" [from Ace of Pentacles].
 
John Wieners
00:06:14
For Mari--No, this is “For Marion".
 
John Wieners
00:06:19
Reads "For Marion" [from Ace of Pentacles].
 
John Wieners
00:07:05
“The Mermaid Song”, forgive me for this, I thought the other poems would carry me through, but I'm reading and keeping with the mood for tonight, it seems to be more lyrical. "The Serpent's Hiss".
 
John Wieners
00:07:52
Reads "The Serpent's Hiss" [published later in Selected Poems, 1958-1984].
 
John Wieners
00:08:37
And this is called "Tuesday, 5 pm".
 
John Wieners
00:08:43
Reads "Tuesday, 5 pm" [published later as “Tuesday 7:00 PM” in Selected Poems, 1958-1984].
 
John Wieners
00:10:45
I'm going to read the "The Imperatrice". Ace of Pentacles is a card in the Tarot deck, but the book should be called ‘pente’ which all the words that appeared in a hypnagogic vision, hypnagogic is the state between waking and sleeping, it's what Jung [https://www.wikidata.org/wiki/Q41532] practiced and his Marie Louise Franz would take down the things that came to him in the state between waking and sleeping and the letters ‘pente’ appeared in that state and I didn't know what they meant so I kept hunting around and I made the word 'pinnacles' out of it and somebody said why don't you call it "Ace of Pinnacles" and we made a whole thing about the Tarot deck, but that's not the title of the book. It should be ‘pente’ and that's from the Greek  which is ‘wall’. And I'd like have as a fronts piece for the book William Blake's [https://www.wikidata.org/wiki/Q41513] "The Chimney Sweep"  [https://www.wikidata.org/wiki/Q2587725] the second version of that from the "Songs of Experience" [https://www.wikidata.org/wiki/Q27890603] when he says that my mum and father have gone up to the church to pray and they make a heaven of my misery. That kind of thing. Imperatrice there's another card from the Tarot deck it's the third card of the deck.
 
John Wieners
00:12:09
Reads "The Imperatrice" [published later in Selected Poems, 1958-1984].
 
John Wieners
00:13:38
There is something else I thought I'd like to read after that one. I'll read a poem for Sylvia Plath [https://www.wikidata.org/wiki/Q133054] who was an American poet who married an English man, Ted Hughes [https://www.wikidata.org/wiki/Q272194] and had mental troubles and wrote a novel about it called The Bell Jar [https://www.wikidata.org/wiki/Q1213085] under a pseudonym Victoria Lucas, so not to embarrass her mother, and then things became too much for her and I think in 1963, she did away with herself in London [https://www.wikidata.org/wiki/Q84], and it was a great loss, some people feel that and some do not, they feel that at least--Lowell has written an introduction to her poems posthumously printed called Ariel [https://www.wikidata.org/wiki/Q224733] and her first book was The Colossus [https://www.wikidata.org/wiki/Q29889462]. But Victoria Lucas was, The Bell Jar, was, you could buy it through William Hiderman and it came down from Canada [https://www.wikidata.org/wiki/Q16] to the United States and it's never been printed in the country. This is "The Suicide".
 
John Wieners
00:15:06
Reads "The Suicide" [published later in Selected Poems, 1958-1984].
 
John Wieners
00:16:57
Let's read some happy poems, I'm getting depressed.

Unknown
00:17:03
[Cut or edit made in tape].

John Wieners
00:17:04
Reads "Ode on a Common Fountain" [from Ace of Pentacles; recording jumps to mid-poem].
 
John Wieners
00:19:51
That's the first poem, I ever, I was twenty, so that was twelve years ago, that poem was written. Now I can go back--I'm still writing about Acis [https://www.wikidata.org/wiki/Q419156] and Galatea [https://www.wikidata.org/wiki/Q241070] but these are terribly sentimental and distraught, drunken poems, you can call them. Maybe we'll have one more, or is that anything from that first reading that you'd like to hear again? I'd rather not go into it. [Unknown audience member suggests poem. Title unintelligible]. Okay, that's what Spender [https://www.wikidata.org/wiki/Q448764] did say to me, he said you look like a de-frocked priest, so. Which I thought was awfully cruel, but I think I am one, my sister was a nun, I'll be a priest. Poets are priests, you know.
 
John Wieners
00:20:54
Reads “There are holy orders in life...” [published later in Selected Poems, 1958-1984].
 
END
00:21:42
</contents>
    </Content>
    <Creators type="array">
      <Creator>
        <id>5dd2df58422648.32050276</id>
        <url> http://viaf.org/viaf/90723960</url>
        <name>Wieners, John</name>
        <role type="array">
          <role>
            <id>5dde95a512e691.44238013</id>
            <value>Author</value>
          </role>
          <role>
            <id>5fac4be6bddc86.93102225</id>
            <value>Performer</value>
          </role>
        </role>
        <dates>1934-2002</dates>
        <notes> American poet, playwright and essayist John Wieners was born in Boston on January 6, 1934. In 1934, Wieners earned a B.A. in English from Boston College, and subsequently worked at Harvard University’s Lamont Library. A 1955 poetry reading by Charles Olson inspired Wieners to attend Black Mountain College in North Carolina, where he met and was mentored by Charles Olson and Robert Duncan. After completing studies in 1956, John Wieners moved back to Boston and started Measure, a (short-lived) literary magazine, as well as becoming involved in the Poet’s Theater in Cambridge. At the age of 24, (in 1958) Wieners moved to San Francisco and met Beat Poets Jack Kerouac, Jack Spicer and Allen Ginsberg, and published his first book of poems, The Hotel Wentley Poems (Dave Haselwood Publishing, 1965). John Wieners’ San Francisco journal, The Journal of John Wieners Is To Be Called 707 Scott Street for Billie Holiday, 1959, was published in 1966 by Sun &amp; Moon Press. Wieners wrote plays that were never published during this time, until 1964 when he published Ace of Pentacles (published by James F. Carr &amp; Robert A. Wilson). Charles Olson asked Wieners to be a graduate student and a teaching assistant at the State University of New York at Buffalo in 1965, and Wieners eventually became the university’s chair of poetics, when he left by 1967. John Wieners suffered from mental illness, and was institutionalized for the second time in 1969, where he wrote Asylum Poems (For My Father) (Press of the Black Flag Raised). In 1970, he published Nerves (Cape Goliard Press), an internationally published book of poetry, and between 1967 to 1972, he published six smaller books of poetry. Behind the State Capitol; or, Cincinnati Pike (Good Gay Poets Press) was published in 1975 and thus marked the last of his published poems. John Wieners’ poetry, while highly appraised by Beat Poets, Black Mountain Poets and his peers, did not achieve wide public acclaim or readership. In 1985, however, Selected Poems, 1958-1984 (Black Sparrow Press) was compiled with the help of Robert Creeley and Allen Ginsberg. In the 70’s, John Wieners lived and became involved with anti-war movements and became an activist for gay rights, living at 44 Joy Street in Boston. Becoming more and more reclusive after the mid 70’s, John Wieners died of an apparent stroke on March 1, 2002. Michael Carr edited a posthumous collection of Wiener’s 1971 journals which was published in 2007.</notes>
      </Creator>
    </Creators>
    <Location type="array">
      <Location>
        <id>5dd2f022a43287.44042847</id>
        <url>https://www.openstreetmap.org/way/22080570</url>
        <notes>The Hall Building Art Gallery is currently occupied by Reggie's Pub and The Hive Co-op restaurant.</notes>
        <venue>Hall Building Art Gallery</venue>
        <address>1455, Boul de Maisonneuve Ouest, Montreal, Quebec, Canada</address>
        <latitude>45.4972758</latitude>
        <longitude>-73.57893043</longitude>
      </Location>
    </Location>
    <Contributors type="array">
      <Contributor>
        <id>639ce19b805860.57777095</id>
        <url>https://viaf.org/viaf/66482092/#Layton,_Irving,_1912-2006.</url>
        <name>Layton, Irving</name>
        <dates>1912-2006</dates>
        <notes>Irving Layton was on the Poetry Series organizing committee the year that John Wieners read at Sir George Williams University.</notes>
      </Contributor>
    </Contributors>
    <Related-Works type="array">
      <Related-Work>
        <id>5dd2f1c25f7d51.39290646</id>
        <URL>https://www.worldcat.org/title/oxford-encyclopedia-of-american-literature/oclc/769478515&amp;referer=brief_results</URL>
        <citation>Foster, Edward Halsey. "Gay Literature: Poetry and Prose". The Oxford Encyclopedia of American Literature. Jay Parini (ed). Oxford University Press, 2004. </citation>
      </Related-Work>
      <Related-Work>
        <id>606211079ebde7.24459399</id>
        <URL>https://www.independent.co.uk/news/obituaries/john-wieners-9143191.html</URL>
        <citation>Ward, Geoff. “John Joseph Wieners, poet, Jan. 6th 1934 - March 1st 2002”. The Independent, 15 March 2000.</citation>
      </Related-Work>
      <Related-Work>
        <id>60621127d2d905.33950659</id>
        <URL>https://www.worldcat.org/title/ace-of-pentacles-a-new-book-of-poems-by-john-wieners/oclc/702932793?referer=di&amp;ht=edition</URL>
        <citation>Wieners, John. Ace of Pentacles. New York: Carr &amp; Wilson, 1964</citation>
      </Related-Work>
      <Related-Work>
        <id>60621140906869.65821488</id>
        <URL>https://www.worldcat.org/title/selected-poems-1958-1984/oclc/743392421&amp;referer=brief_results</URL>
        <citation>Wieners, John. Selected Poems, 1958-1984. Santa Barbara: Black Sparrow Press, 1985.</citation>
      </Related-Work>
      <Related-Work>
        <id>606211c783c731.61064306</id>
        <URL>https://montreal.spokenweb.ca/sgw-poetry-readings/john-wieners-at-sgwu-1966/</URL>
        <citation>Thoms, Kathleen. “Poetry Readings Inaugurated”. The Georgian. Montreal: Sir George Williams University, 10 October 1966, p. 6. </citation>
      </Related-Work>
      <Related-Work>
        <id>606211d6981e82.38031841</id>
        <URL></URL>
        <citation>“Wieners, John, 1934-”. Literature Online Biography. Literature Online: ProQuest, 2009. </citation>
      </Related-Work>
      <Related-Work>
        <id>606212850684c7.86733463</id>
        <URL>https://drive.google.com/drive/folders/12H55HcY0pAZtzJ9AmxLabbX2hdjvCaX0</URL>
        <citation>“Poetry Readings”. OP-ED. Montreal: Sir George Williams University, 6 October 1967, page 6. </citation>
      </Related-Work>
    </Related-Works>
    <Item-Description>
      <genre type="array">
        <genre>
          <id>5fac4b69363493.67050777</id>
          <value>Reading: Poetry</value>
        </genre>
      </genre>
      <title>John Wieners at Sir George Williams University, The Poetry Series, 8 October 1966 - COPY</title>
      <language>English</language>
      <title-note>"J. WIENES I006/SR119" written on sticker on the spine of the tape's box. J. WIENES refers to John Wieners. Wieners is mispelled </title-note>
      <identifiers type="array">
        <identifier>
          <id>639ce07f033966.90807564</id>
          <value>I006/SR119</value>
        </identifier>
      </identifiers>
      <series-title>The Poetry Series</series-title>
      <title-source>Catalgouer</title-source>
      <subseries-title>Poetry 1</subseries-title>
      <production-context>Documentary recording</production-context>
    </Item-Description>
    <Material-Description type="array">
      <Material-Description>
        <id>5dd2e0c4123d26.30687246</id>
        <side>Single Track</side>
        <image>../Uploads/11552/I0006_11_0119_tape.jpg</image>
        <other>The reel is shorter than most in the Poetry Series, with no additional real documenting this event. One wonders why it was recorded at 7.5 ips if only a 5 inch reel was available.</other>
        <extent>1/4 inch</extent>
        <AV-type>Audio</AV-type>
        <tape-brand>Scotch RB-5</tape-brand>
        <generations>Original</generations>
        <Conservation>Not baked before being digitized.</Conservation>
        <equalization>None</equalization>
        <playback-mode>Mono</playback-mode>
        <playing-speed>7 1/2 ips</playing-speed>
        <sound-quality>Good</sound-quality>
        <recording-type>Analogue</recording-type>
        <storage-capacity>T00:00:24</storage-capacity>
        <physical-condition>Good</physical-condition>
        <track-configuration>Half-track</track-configuration>
        <material-designation>Reel to Reel</material-designation>
        <physical-composition>Magnetic Tape</physical-composition>
        <accompanying-material>Cardboard tape box.</accompanying-material>
        <other-physical-description>In good condition.</other-physical-description>
      </Material-Description>
    </Material-Description>
    <Digital-File-Description type="array">
      <Digital-File-Description>
        <id>60998d35135c94.91921495</id>
        <size></size>
        <notes></notes>
        <title>John Wieners Tape Box - Back</title>
        <credit>Drew Bernet</credit>
        <bitrate></bitrate>
        <caption></caption>
        <contents></contents>
        <duration></duration>
        <encoding></encoding>
        <featured>-1</featured>
        <file-url>https://drive.google.com/drive/folders/1-0cAe1GF8xZsc62jpUDXwgvyCd6ZmvSw</file-url>
        <filename>I0006_11_0119_back.jpg</filename>
        <file-path>My Drive&gt;Sir George Williams TIme-Stamped Transcripts&gt;Spokenweb Tape Case Photos taken by Drew Bernet</file-path>
        <precision></precision>
        <sample-rate></sample-rate>
        <content-type>Photograph</content-type>
        <channel-field></channel-field>
      </Digital-File-Description>
      <Digital-File-Description>
        <id>60998d3a1ab8e1.73004631</id>
        <size></size>
        <notes></notes>
        <title>John Wieners Tape Box - Front</title>
        <credit>Drew Bernet</credit>
        <bitrate></bitrate>
        <caption></caption>
        <contents></contents>
        <duration></duration>
        <encoding></encoding>
        <featured>-1</featured>
        <file-url>https://drive.google.com/drive/folders/1-0cAe1GF8xZsc62jpUDXwgvyCd6ZmvSw</file-url>
        <filename>I0006_11_0119_front.jpg</filename>
        <file-path>My Drive&gt;Sir George Williams TIme-Stamped Transcripts&gt;Spokenweb Tape Case Photos taken by Drew Bernet</file-path>
        <precision></precision>
        <sample-rate></sample-rate>
        <content-type>Photograph</content-type>
        <channel-field></channel-field>
      </Digital-File-Description>
      <Digital-File-Description>
        <id>60998d3dd9f945.19395927</id>
        <size></size>
        <notes></notes>
        <title>John Wieners Tape Box - Spine</title>
        <credit>Drew Bernet</credit>
        <bitrate></bitrate>
        <caption></caption>
        <contents></contents>
        <duration></duration>
        <encoding></encoding>
        <featured>-1</featured>
        <file-url>https://drive.google.com/drive/folders/1-0cAe1GF8xZsc62jpUDXwgvyCd6ZmvSw</file-url>
        <filename>I0006_11_0119_side.jpg</filename>
        <file-path>My Drive&gt;Sir George Williams TIme-Stamped Transcripts&gt;Spokenweb Tape Case Photos taken by Drew Bernet</file-path>
        <precision></precision>
        <sample-rate></sample-rate>
        <content-type>Photograph</content-type>
        <channel-field></channel-field>
      </Digital-File-Description>
      <Digital-File-Description>
        <id>60998d40d0ed64.52315633</id>
        <size></size>
        <notes></notes>
        <title>John Wieners Tape Box - Reel</title>
        <credit>Drew Bernet</credit>
        <bitrate></bitrate>
        <caption></caption>
        <contents></contents>
        <duration></duration>
        <encoding></encoding>
        <featured>-1</featured>
        <file-url>https://drive.google.com/drive/folders/1-0cAe1GF8xZsc62jpUDXwgvyCd6ZmvSw</file-url>
        <filename>I0006_11_0119_tape.jpg</filename>
        <file-path>My Drive&gt;Sir George Williams TIme-Stamped Transcripts&gt;Spokenweb Tape Case Photos taken by Drew Bernet</file-path>
        <precision></precision>
        <sample-rate></sample-rate>
        <content-type>Photograph</content-type>
        <channel-field></channel-field>
      </Digital-File-Description>
      <Digital-File-Description>
        <id>5fac4c167e76f8.84944324</id>
        <size>52.1 MB</size>
        <notes>John Wieners reads from Ace of Pentacles (Carr &amp; Wilson, 1964) as well as works published in 1985 in Selected Poems, 1958-1984 (Black Sparrow Press).

00:00- Reading “Invitation to Summer” [recording does not start at beginning of poem]
01:09- Introduces “Invitation Au Voyage” [INDEX: German Romanticism]
01:30- Reads “Invitation Au Voyage”
03:15- Introduces “Long Nook” [Howard Fink list “One Look”] [INDEX: Stuart Montgommery, Fulcrum Press, Basil Bunting]
03:44- Reads “Long Nook”
04:38- Introduces “At Big Sur”
04:53- Reads “At Big Sur”
05:12- Introduces “Louise”
05:21- Reads “Louise”
05:48- Introduces “The Pool of Light”
05:53- Reads “The Pool of Light”
06:14- Introduces “Not For Marion” [Howard Fink List “I have found her snow white in my head”]
06:19- Reads “For Marion”
07:05- Introduces “The Serpent’s Hiss”
07:52- Reads “The Serpent’s Hiss”
08:37- Introduces “Tuesday, 5 pm” [published as “Tuesday 7:00 PM”]
08:43- Reads “Tuesday, 5 pm”
10:45- Introduces “Imperatrice” [INDEX: Ace of Pentacles, Tarot, hypnogogic, Karl Yung, Marie Louise Franz, William Blake’s “The Chimney Sweep”, “Songs of Experience”]
12:09- Reads “Imperatrice”
13:38- Introduces “The Suicide” [INDEX: Sylvia Plath, Ted Hughes, mental illness, The Bell Jar 1963, Ariel, The Colossus, Victoria Lucas, William Hiderman]
15:06- Reads “The Suicide”
17:04- Introduces unknown poem, mid-sentence “About your pipes and mouth...” [Howard Fink first line “In patience wait the flooding...”]
19:51- Introduces unknown poem “I was born to be a priest...” [Howard Fink first line “There are holy orders in life...] [INDEX: Asis, Galatea, Spender]
20:54- Reads unknown poem
21:24.91- END OF RECORDING
</notes>
        <title></title>
        <credit></credit>
        <bitrate>320 Kbps</bitrate>
        <caption></caption>
        <contents>John Wieners
00:00:00
Reads “Invocation to Summer” [recording begins abruptly].
 
John Wieners
00:01:09
"Invitation Au Voyage: II". Do you know that poem of Baudelaire's [https://www.wikidata.org/wiki/Q501]? It's something at the end of the world. He’s speaking to his beloved, very simple. You know, lots of the German Romanticism was very simple.
 
John Wieners
00:01:30
Reads "Invitation Au Voyage: II".
 
John Wieners
00:03:15
Well let's go back to the old poems then, that have been published. Stuart Montgomery, well it doesn't matter. But that--I can send it off to England [https://www.wikidata.org/wiki/Q21] to the Fulcrum Press [https://www.wikidata.org/wiki/Q5507820] doing a lot of Basil Bunting [https://www.wikidata.org/wiki/Q2886803] and the English poet of 65, resuscitated in America [https://www.wikidata.org/wiki/Q30] again, it's about time.
 
John Wieners
00:03:44
Reads "Long Nook" [from Ace of Pentacles].
 
John Wieners
00:04:38
I'll just make random choices. "At Big Sur".
 
John Wieners
00:04:53
Reads "At Big Sur” [from Ace of Pentacles].
 
John Wieners
00:05:12
"Louise".
 
John Wieners
00:05:21
Reads "Louise" [from Ace of Pentacles].
 
John Wieners
00:05:48
"The Pool of Light".
 
John Wieners
00:05:53
Reads "The Pool of Light" [from Ace of Pentacles].
 
John Wieners
00:06:14
For Mari--No, this is “For Marion".
 
John Wieners
00:06:19
Reads "For Marion" [from Ace of Pentacles].
 
John Wieners
00:07:05
“The Mermaid Song”, forgive me for this, I thought the other poems would carry me through, but I'm reading and keeping with the mood for tonight, it seems to be more lyrical. "The Serpent's Hiss".
 
John Wieners
00:07:52
Reads "The Serpent's Hiss" [published later in Selected Poems, 1958-1984].
 
John Wieners
00:08:37
And this is called "Tuesday, 5 pm".
 
John Wieners
00:08:43
Reads "Tuesday, 5 pm" [published later as “Tuesday 7:00 PM” in Selected Poems, 1958-1984].
 
John Wieners
00:10:45
I'm going to read the "The Imperatrice". Ace of Pentacles is a card in the Tarot deck, but the book should be called ‘pente’ which all the words that appeared in a hypnagogic vision, hypnagogic is the state between waking and sleeping, it's what Jung [https://www.wikidata.org/wiki/Q41532] practiced and his Marie Louise Franz would take down the things that came to him in the state between waking and sleeping and the letters ‘pente’ appeared in that state and I didn't know what they meant so I kept hunting around and I made the word 'pinnacles' out of it and somebody said why don't you call it "Ace of Pinnacles" and we made a whole thing about the Tarot deck, but that's not the title of the book. It should be ‘pente’ and that's from the Greek  which is ‘wall’. And I'd like have as a fronts piece for the book William Blake's [https://www.wikidata.org/wiki/Q41513] "The Chimney Sweep"  [https://www.wikidata.org/wiki/Q2587725] the second version of that from the "Songs of Experience" [https://www.wikidata.org/wiki/Q27890603] when he says that my mum and father have gone up to the church to pray and they make a heaven of my misery. That kind of thing. Imperatrice there's another card from the Tarot deck it's the third card of the deck.
 
John Wieners
00:12:09
Reads "The Imperatrice" [published later in Selected Poems, 1958-1984].
 
John Wieners
00:13:38
There is something else I thought I'd like to read after that one. I'll read a poem for Sylvia Plath [https://www.wikidata.org/wiki/Q133054] who was an American poet who married an English man, Ted Hughes [https://www.wikidata.org/wiki/Q272194] and had mental troubles and wrote a novel about it called The Bell Jar [https://www.wikidata.org/wiki/Q1213085] under a pseudonym Victoria Lucas, so not to embarrass her mother, and then things became too much for her and I think in 1963, she did away with herself in London [https://www.wikidata.org/wiki/Q84], and it was a great loss, some people feel that and some do not, they feel that at least--Lowell has written an introduction to her poems posthumously printed called Ariel [https://www.wikidata.org/wiki/Q224733] and her first book was The Colossus [https://www.wikidata.org/wiki/Q29889462]. But Victoria Lucas was, The Bell Jar, was, you could buy it through William Hiderman and it came down from Canada [https://www.wikidata.org/wiki/Q16] to the United States and it's never been printed in the country. This is "The Suicide".
 
John Wieners
00:15:06
Reads "The Suicide" [published later in Selected Poems, 1958-1984].
 
John Wieners
00:16:57
Let's read some happy poems, I'm getting depressed.

Unknown
00:17:03
[Cut or edit made in tape].

John Wieners
00:17:04
Reads "Ode on a Common Fountain" [from Ace of Pentacles; recording jumps to mid-poem].
 
John Wieners
00:19:51
That's the first poem, I ever, I was twenty, so that was twelve years ago, that poem was written. Now I can go back--I'm still writing about Acis [https://www.wikidata.org/wiki/Q419156] and Galatea [https://www.wikidata.org/wiki/Q241070] but these are terribly sentimental and distraught, drunken poems, you can call them. Maybe we'll have one more, or is that anything from that first reading that you'd like to hear again? I'd rather not go into it. [Unknown audience member suggests poem. Title unintelligible]. Okay, that's what Spender [https://www.wikidata.org/wiki/Q448764] did say to me, he said you look like a de-frocked priest, so. Which I thought was awfully cruel, but I think I am one, my sister was a nun, I'll be a priest. Poets are priests, you know.
 
John Wieners
00:20:54
Reads “There are holy orders in life...” [published later in Selected Poems, 1958-1984].
 
END
00:21:42</contents>
        <duration>00:21:42</duration>
        <encoding>compressed</encoding>
        <featured>Yes</featured>
        <file-url>https://files.spokenweb.ca/concordia/sgw/audio/all_mp3/john_wieners_i006-11-119.mp3</file-url>
        <filename>john_wieners_i006-11-119.mp3</filename>
        <file-path>files.spokenweb.ca&gt;concordia&gt;sgw&gt;audio&gt;all_mp3</file-path>
        <precision>Double</precision>
        <sample-rate>44.1kHz</sample-rate>
        <content-type>Sound Recording</content-type>
        <channel-field>Standard</channel-field>
      </Digital-File-Description>
    </Digital-File-Description>
    <Institution-and-Collection>
      <item-ID>I006-11-119</item-ID>
      <persistent-URL>https://montreal.spokenweb.ca/sgw-poetry-readings/john-wieners-at-sgwu-1966/</persistent-URL>
    </Institution-and-Collection>
  </swallow-record>
  <swallow-record>
    <schema>Swallow JSON</schema>
    <schema-version>3</schema-version>
    <swallow-id>11554</swallow-id>
    <cataloguer>
      <name>Tomasz</name>
      <lastname>Neugebauer</lastname>
      <email>Tomasz.Neugebauer@concordia.ca</email>
    </cataloguer>
    <partner-institution>Concordia University</partner-institution>
    <collection>
      <contributing-unit>Quality Assurance Unit</contributing-unit>
      <source-collection>Quality Assurance Collection</source-collection>
      <source-collection-description>A test collection with maximum record complexity.</source-collection-description>
      <source-collection-id>SGWU_77657/Concordia</source-collection-id>
    </collection>
    <Dates type="array">
      <Date>
        <id>1</id>
        <date>2003-09-21</date>
        <type>Production Date</type>
        <notes>Dates were written on the MiniDisc case.</notes>
        <source>Container</source>
      </Date>
    </Dates>
    <Notes type="array">
      <Note>
        <id>639cec00098f24.02626125</id>
        <note>This was a special edition of the Words and Music show devoted to the work of Lillian Allen.</note>
        <type>General</type>
      </Note>
    </Notes>
    <Rights>
      <notes>The permissions process for the Words and Music Show is ongoing.</notes>
      <rights>No Copyright non commercial reuse only (NoCNC)</rights>
      <rights-uri>http://rightsstatements.org/page/NoC-NC/1.0/?language=en</rights-uri>
      <license>Creative Commons Attribution, Non-Commercial, No Derivatives (BY-NC-ND)</license>
      <license-uri>http://creativecommons.org/licenses/by-nc-nd/4.0/</license-uri>
    </Rights>
    <Content>
      <notes>The Words &amp; Music Show – 
Casa del Popolo – September 21, 2003

Set 1

Intro

Name	Agreed?	Approximate Length	Bio
Erin May	Yes	8 minutes	Erin May was the easy winner of the Festivale Voix d"Ameriques Poetry Slam in 2002.  Her work bridges genres from theatre to dance to voice improv.

Padraic Scanlon	Yes	7 minutes	A young poet who wonm the League of Canadian Poets Young poet award this year.  This was his second appearnace at the Words &amp; Music Show
Jeff Heinrich	Not asked	7 minutes	A reporter for the Gazette newspaper.  This was the first time he ever publicly read a poem
Paula Belina	Yes	9 minutes	Paula Belina is one of the new voices in the Montreal spoken word scene, but has made a strong impact in a very short time. Founder of Streeteaters litzine (now in its 16th issue) Paula's work appeared most recently in the Running with Scissors anthology from Cumulus Press. She has performed in the Wired on Words &amp; Music shows numerous times, and last year was also featured in the Centaur Theatre's Wildside festival. She was born and lives in Montreal, and is currently a student at Concordia University.

Kaie Kellough			Kaie Kellough is a Montreal poet, performer, freelance writer.  His first book of poetry is currently being edited by George Elliott Clark for release in 2003-2004 by Cumulus Press.  A writer, performer and radio host. he has written for matrix, filling station, canadian dimension, and the globe and mail.  Kellough was a finalist in the CBC's Poetry Face-off event, and has coordinated radio segments for them as well.  He has performed in vancouver, calgary, toronto and montreal.  He recently released a chapbook titled "fire escapes," and a 4-piece CD entitled Uptown Rundown.

 

Set 2

Intro

Ian Ferrier (with Bryan Highbloom on saxophone)	Yes	7 minutes	Ian Ferrier is one of the core poet/performers in the North American performance literature scene.  His first CD/book-Exploding Head Man-was released by Planète Rebelle Press to national acclaim.   Ferrier is a founder of the Wired on Words performance literature label, and performs in Canada, the United States and Europe.

Catherine Kidd	Yes	15 minutes
(tech problem; the music cut out).  If necessary, This piece was also recorded last year by Jane Lewis at CBC Montreal for their Urban Tales Series.	Catherine Kidd is one of Montreal's most accomplished writer performers.  Her new CD/Book Sea Peach was released by Conundrum Press last fall (2002).  Her first performance collaborations with dj/composer jack beets were also released by Conundrum press in the cassette/book Everything I wanted to know about love I learned from taxidermy.  Kidd is just back from shows in England and Norway, and is considered one of the top names in the field of literature in performance.    

Lillian Allen	Not asked	25 minutes	
Alexis O’Hara	Yes	11 minutes	Alexis O'Hara's newest spoken word CD In Abulia was released in 2002.  Back in Montreal after a tour of North America, she is a triligual artist who writes, performs and improvises with musicians.  Last year she sent almost daily updates as she featured in over twenty shows in the States, Canada, and the Yukon (hey that's still Canada).


 
Set 3

Fortner Anderson	Yes	10 minutes	Expatriate Tennessee preacher of the millennial news and patron saint of the Montreal Performance Poetry scene; 
long-time host of CKUT radio's "Dromotexte" spoken word show, as well as promoter of Brazen Oralities spoken word reviews, Fortner tours and performs in eastern Canada, and resides in Montreal.  His last CD was Sometimes I think, 
(Wired on Words 2000), and his new one will be available this year.
Excelano Project	Not asked	35 minutes	These were some American writers doing an international project to support hiv charities in Africa.  A lot of us objected to their material, which seemed like the appropriation of struggles and injustices that were not theirs to talk about
Manchilde	Yes	8 minutes	Manchilde is one of the best-known names in Montreal's hip-hop and performance scene.  As a solo performer, and as a member of the Butta Babees, a Montreal based hiphop crew that have been crafting their sound over the last 5 years, Manchilde is both an excellent performer and a strong voice on the history of the community.  

Vince Baxter	Not asked	10 minutes	A stand up comic from Edmonton
Brian Campbell	Not asked	10 minutes	A singer/songwriter

</notes>
      <contents>The Words and Music show presents Canadian dub legend Lillian Allen, performing alongside some of the best of Montreal's spoken word scene. The event poster boasts Fortner Anderson, Ian Ferrier, Kaie Kellough, Catherine Kidd, Erin May, Manchilde, Alexis O'Hara. The evening is rounded off with comic improv by Vince Baxter and music by Brian Campbell. At the Casa, $5, doors at 8PM.</contents>
    </Content>
    <Creators type="array">
      <Creator>
        <id>1</id>
        <url>http://viaf.org/viaf/91437046</url>
        <name>Ferrier, Ian</name>
        <role type="array">
          <role>
            <id>5e4f083cc94bb6.52041759</id>
            <value>Series organizer</value>
          </role>
        </role>
        <dates>1954-</dates>
        <notes>Ian Ferrier Introduces performers and also performs in the show.</notes>
      </Creator>
    </Creators>
    <Location type="array">
      <Location>
        <id>1</id>
        <url>https://www.openstreetmap.org/node/1570292450</url>
        <notes>The show took place in the main room of the Casa Del Popolo, before they had a concert room next door.</notes>
        <venue>Casa del Popolo (Montreal)</venue>
        <address>4873, Boulevard Saint-Laurent, Montreal, Quebec, Canada</address>
        <latitude>45,5222118</latitude>
        <longitude>-73,5905321</longitude>
      </Location>
    </Location>
    <Contributors type="array">
      <Contributor>
        <id>5e6a7153289901.90679309</id>
        <url>http://viaf.org/viaf/33686390</url>
        <name>Allen, Lillian</name>
        <role type="array">
          <role>
            <id>5e6a7156dbe466.72399078</id>
            <value>Performer</value>
          </role>
        </role>
        <dates>1951-</dates>
        <notes></notes>
      </Contributor>
      <Contributor>
        <id>5e6a7177a4f464.44851386</id>
        <url>http://viaf.org/viaf/106026246</url>
        <name>Anderson, Fortner</name>
        <role type="array">
          <role>
            <id>5e6a717b2be016.30064926</id>
            <value>Performer</value>
          </role>
        </role>
        <dates>1955-</dates>
        <notes></notes>
      </Contributor>
      <Contributor>
        <id>5e6a719f57a446.50837651</id>
        <url>http://viaf.org/viaf/91437046</url>
        <name>Ferrier, Ian</name>
        <role type="array">
          <role>
            <id>5e6a71a27fd150.84216207</id>
            <value>Performer</value>
          </role>
        </role>
        <dates>1951-</dates>
        <notes></notes>
      </Contributor>
      <Contributor>
        <id>5e6a71b5401869.54414040</id>
        <url>http://viaf.org/viaf/68351676</url>
        <name>Kellough, Kaie</name>
        <role type="array">
          <role>
            <id>5e6a71bd526972.18563305</id>
            <value>Performer</value>
          </role>
        </role>
        <dates>1975-</dates>
        <notes></notes>
      </Contributor>
      <Contributor>
        <id>5e6a71d2386188.93350626</id>
        <url>https://viaf.org/viaf/13542322/</url>
        <name>Kidd, Catherine</name>
        <role type="array">
          <role>
            <id>5e6a71d5d33593.44710901</id>
            <value>Performer</value>
          </role>
        </role>
        <dates>1967-</dates>
        <notes></notes>
      </Contributor>
      <Contributor>
        <id>5e6a71e775c9a8.40175026</id>
        <url></url>
        <name>May, Erin</name>
        <role type="array">
          <role>
            <id>5e6a71eada6df5.27637371</id>
            <value>Performer</value>
          </role>
        </role>
        <dates></dates>
        <notes>Not on databases.</notes>
      </Contributor>
      <Contributor>
        <id>5e6a71f7f26664.58659594</id>
        <url></url>
        <name>Manchilde</name>
        <role type="array">
          <role>
            <id>5e6a72045e5263.67039106</id>
            <value>Performer</value>
          </role>
        </role>
        <dates></dates>
        <notes></notes>
      </Contributor>
      <Contributor>
        <id>5e6a721b84f510.77809969</id>
        <url>http://viaf.org/viaf/106457511</url>
        <name>O'Hara, Alexis</name>
        <role type="array">
          <role>
            <id>5e6a721ed3c3b6.48612151</id>
            <value>Performer</value>
          </role>
        </role>
        <dates></dates>
        <notes></notes>
      </Contributor>
      <Contributor>
        <id>5e6a7265e411b9.19337057</id>
        <url></url>
        <name>Baxter, Vince</name>
        <role type="array">
          <role>
            <id>5e6a7269e9c356.73486939</id>
            <value>Performer</value>
          </role>
        </role>
        <dates></dates>
        <notes></notes>
      </Contributor>
      <Contributor>
        <id>5e6a7281d712a8.98768788</id>
        <url></url>
        <name>Campbell, Brian</name>
        <role type="array">
          <role>
            <id>5e6a7286b16419.17232100</id>
            <value>Performer</value>
          </role>
        </role>
        <dates></dates>
        <notes>Credited as musical guest on event poster.</notes>
      </Contributor>
    </Contributors>
    <Related-Works type="array">
      <Related-Work>
        <id>639ced87899808.55438053</id>
        <URL>https://www.worldcat.org/title/52540882?oclcNum=52540882</URL>
        <citation>Kellough, Kaie, lettricity (Montreal: Cumulus Press, 2004). ISBN 0-9733499-1-3</citation>
      </Related-Work>
    </Related-Works>
    <Item-Description>
      <genre type="array">
        <genre>
          <id>5e4f083cc8b8d5.61531437</id>
          <value>Performance: Spoken Word Poetry</value>
        </genre>
        <genre>
          <id>639ce7799f7f37.64929401</id>
          <value>Performance: Sound Poetry, Music</value>
        </genre>
        <genre>
          <id>639ce781d45de4.71212273</id>
          <value>Music</value>
        </genre>
        <genre>
          <id>639ce78b2ea7a2.53865542</id>
          <value>Reading: Poetry</value>
        </genre>
      </genre>
      <title>Words and Music at Casa del Popolo 2003-09-21 - Lillian Allen Show - COPY</title>
      <language>English</language>
      <title-note>On MDs: "L. Allen casa 21/9 2003"; "CASA L.Allen SET 2+Brian Chappell"; "W+M Sep 2003 Lillian Allen #3 Fortner Anderson ".</title-note>
      <identifiers type="array">
        <identifier>
          <id>639ce7a0d63352.10832008</id>
          <value>WM20030921</value>
        </identifier>
      </identifiers>
      <series-title>The Words and Music Show</series-title>
      <title-source>Container</title-source>
      <subseries-title>Series 1 - Mini Disk Years</subseries-title>
      <production-context>Documentary recording</production-context>
    </Item-Description>
    <Material-Description type="array">
      <Material-Description>
        <id>1</id>
        <side>Only one side on a minidisc</side>
        <image>../Uploads/11554/TDK_MiniDisc_and_AA-battery_200703.jpg</image>
        <other>MD tracks: 39; 82; 128.</other>
        <extent>-1</extent>
        <AV-type>Audio</AV-type>
        <tape-brand>Sony</tape-brand>
        <generations>Original</generations>
        <Conservation>No process has been performed on the disc.</Conservation>
        <equalization>None</equalization>
        <playback-mode>Stereo</playback-mode>
        <playing-speed>-1</playing-speed>
        <sound-quality>-1</sound-quality>
        <recording-type>Analogue</recording-type>
        <storage-capacity>3 Minidiscs: 120 Minutes</storage-capacity>
        <physical-condition>Good</physical-condition>
        <track-configuration>-1</track-configuration>
        <material-designation>Minidisc</material-designation>
        <physical-composition>Magneto-Optical</physical-composition>
        <accompanying-material>Label with green masking tape on disc case indicates date.</accompanying-material>
        <other-physical-description>Disc is in clean condition.</other-physical-description>
      </Material-Description>
    </Material-Description>
    <Digital-File-Description type="array">
      <Digital-File-Description>
        <id type="integer">2</id>
        <size>894.6</size>
        <bitrate>24</bitrate>
        <duration>00:56:13</duration>
        <encoding>Waveform</encoding>
        <filename>29082019120457_DN-700R.wav</filename>
        <sample-rate>96kHz</sample-rate>
        <channel-field>Stereo</channel-field>
      </Digital-File-Description>
      <Digital-File-Description>
        <id type="integer">3</id>
        <size>1.23GB</size>
        <bitrate>24</bitrate>
        <duration>01:14:55</duration>
        <encoding>Waveform</encoding>
        <filename>29082019130402_DN-700R.wav</filename>
        <sample-rate>96kHz</sample-rate>
        <channel-field>Stereo</channel-field>
      </Digital-File-Description>
      <Digital-File-Description>
        <id>1</id>
        <size>915.3MB</size>
        <notes>The Words &amp; Music Show – 
Casa del Popolo – September 21, 2003

Set 1

Intro

Name	Agreed?	Approximate Length	Bio
Erin May	Yes	8 minutes	Erin May was the easy winner of the Festivale Voix d"Ameriques Poetry Slam in 2002.  Her work bridges genres from theatre to dance to voice improv.

Padraic Scanlon	Yes	7 minutes	A young poet who wonm the League of Canadian Poets Young poet award this year.  This was his second appearnace at the Words &amp; Music Show
Jeff Heinrich	Not asked	7 minutes	A reporter for the Gazette newspaper.  This was the first time he ever publicly read a poem
Paula Belina	Yes	9 minutes	Paula Belina is one of the new voices in the Montreal spoken word scene, but has made a strong impact in a very short time. Founder of Streeteaters litzine (now in its 16th issue) Paula's work appeared most recently in the Running with Scissors anthology from Cumulus Press. She has performed in the Wired on Words &amp; Music shows numerous times, and last year was also featured in the Centaur Theatre's Wildside festival. She was born and lives in Montreal, and is currently a student at Concordia University.

Kaie Kellough			Kaie Kellough is a Montreal poet, performer, freelance writer.  His first book of poetry is currently being edited by George Elliott Clark for release in 2003-2004 by Cumulus Press.  A writer, performer and radio host. he has written for matrix, filling station, canadian dimension, and the globe and mail.  Kellough was a finalist in the CBC's Poetry Face-off event, and has coordinated radio segments for them as well.  He has performed in vancouver, calgary, toronto and montreal.  He recently released a chapbook titled "fire escapes," and a 4-piece CD entitled Uptown Rundown.

 

Set 2

Intro

Ian Ferrier (with Bryan Highbloom on saxophone)	Yes	7 minutes	Ian Ferrier is one of the core poet/performers in the North American performance literature scene.  His first CD/book-Exploding Head Man-was released by Planète Rebelle Press to national acclaim.   Ferrier is a founder of the Wired on Words performance literature label, and performs in Canada, the United States and Europe.

Catherine Kidd	Yes	15 minutes
(tech problem; the music cut out).  If necessary, This piece was also recorded last year by Jane Lewis at CBC Montreal for their Urban Tales Series.	Catherine Kidd is one of Montreal's most accomplished writer performers.  Her new CD/Book Sea Peach was released by Conundrum Press last fall (2002).  Her first performance collaborations with dj/composer jack beets were also released by Conundrum press in the cassette/book Everything I wanted to know about love I learned from taxidermy.  Kidd is just back from shows in England and Norway, and is considered one of the top names in the field of literature in performance.    

Lillian Allen	Not asked	25 minutes	
Alexis O’Hara	Yes	11 minutes	Alexis O'Hara's newest spoken word CD In Abulia was released in 2002.  Back in Montreal after a tour of North America, she is a triligual artist who writes, performs and improvises with musicians.  Last year she sent almost daily updates as she featured in over twenty shows in the States, Canada, and the Yukon (hey that's still Canada).


 
Set 3

Fortner Anderson	Yes	10 minutes	Expatriate Tennessee preacher of the millennial news and patron saint of the Montreal Performance Poetry scene; 
long-time host of CKUT radio's "Dromotexte" spoken word show, as well as promoter of Brazen Oralities spoken word reviews, Fortner tours and performs in eastern Canada, and resides in Montreal.  His last CD was Sometimes I think, 
(Wired on Words 2000), and his new one will be available this year.
Excelano Project	Not asked	35 minutes	These were some American writers doing an international project to support hiv charities in Africa.  A lot of us objected to their material, which seemed like the appropriation of struggles and injustices that were not theirs to talk about
Manchilde	Yes	8 minutes	Manchilde is one of the best-known names in Montreal's hip-hop and performance scene.  As a solo performer, and as a member of the Butta Babees, a Montreal based hiphop crew that have been crafting their sound over the last 5 years, Manchilde is both an excellent performer and a strong voice on the history of the community.  

Vince Baxter	Not asked	10 minutes	A stand up comic from Edmonton
Brian Campbell	Not asked	10 minutes	A singer/songwriter

</notes>
        <title>The Lillian Allen Show</title>
        <credit>Recorded by Steve Godin</credit>
        <bitrate>24</bitrate>
        <caption>Sound recording of the "Lillian Allen Show", special edition of the Words and Music Show.</caption>
        <contents>The Words and Music show presents Canadian dub legend Lillian Allen, performing alongside some of the best of Montreal's spoken word scene. The event poster boasts Fortner Anderson, Ian Ferrier, Kaie Kellough, Catherine Kidd, Erin May, Manchilde, Alexis O'Hara. The evening is rounded off with comic improv by Vince Baxter and music by Brian Campbell. At the Casa, $5, doors at 8PM.</contents>
        <duration>00:55:07</duration>
        <encoding>Waveform</encoding>
        <featured>Yes</featured>
        <file-url>https://files.spokenweb.ca/concordia/wordsandmusic/wm_orig/files/2003/09/</file-url>
        <filename>29082019110443_DN-700R.wav</filename>
        <file-path>files.spokenweb.ca&gt; concordia&gt; wordsandmusic&gt; wm_orig&gt; files&gt; 2003&gt; 09</file-path>
        <precision>Double</precision>
        <sample-rate>96kHz</sample-rate>
        <content-type>Sound Recording</content-type>
        <channel-field>Stereo</channel-field>
      </Digital-File-Description>
    </Digital-File-Description>
    <Institution-and-Collection>
      <item-ID></item-ID>
      <persistent-URL></persistent-URL>
    </Institution-and-Collection>
  </swallow-record>
</root>
